Designator,Val,Package,Mid X,Mid Y,Rotation,Layer
"C1","100nF","C_0805_2012Metric",77.590728,-57.616279,180.000000,top
"C1","100nF","C_0805_2012Metric",49.818171,-13.417619,0.000000,top
"C1","100nF","C_0805_2012Metric",105.522621,-79.451517,0.000000,top
"C1","100nF","C_0805_2012Metric",161.227071,-79.451517,0.000000,top
"C1","100nF","C_0805_2012Metric",188.999628,-123.650177,180.000000,top
"C1","100nF","C_0805_2012Metric",133.295178,-57.616279,180.000000,top
"C1","100nF","C_0805_2012Metric",21.886278,-57.616279,180.000000,top
"C1","100nF","C_0805_2012Metric",49.818171,-79.451517,0.000000,top
"C1","100nF","C_0805_2012Metric",77.590728,-123.650177,180.000000,top
"C1","100nF","C_0805_2012Metric",161.227071,-13.417619,0.000000,top
"C1","100nF","C_0805_2012Metric",21.886278,-123.650177,180.000000,top
"C1","100nF","C_0805_2012Metric",133.295178,-123.650177,180.000000,top
"C1","100nF","C_0805_2012Metric",105.522621,-13.417619,0.000000,top
"C1","100nF","C_0805_2012Metric",188.999628,-57.616279,180.000000,top
"C2","10uF","C_0805_2012Metric",25.188278,-58.632279,-90.000000,top
"C2","10uF","C_0805_2012Metric",46.516171,-12.401619,90.000000,top
"C2","10uF","C_0805_2012Metric",25.188278,-124.666177,-90.000000,top
"C2","10uF","C_0805_2012Metric",102.220621,-12.401619,90.000000,top
"C2","10uF","C_0805_2012Metric",80.892728,-124.666177,-90.000000,top
"C2","10uF","C_0805_2012Metric",80.892728,-58.632279,-90.000000,top
"C2","10uF","C_0805_2012Metric",157.925071,-78.435517,90.000000,top
"C2","10uF","C_0805_2012Metric",157.925071,-12.401619,90.000000,top
"C2","10uF","C_0805_2012Metric",46.516171,-78.435517,90.000000,top
"C2","10uF","C_0805_2012Metric",136.597178,-58.632279,-90.000000,top
"C2","10uF","C_0805_2012Metric",192.301628,-58.632279,-90.000000,top
"C2","10uF","C_0805_2012Metric",192.301628,-124.666177,-90.000000,top
"C2","10uF","C_0805_2012Metric",102.220621,-78.435517,90.000000,top
"C2","10uF","C_0805_2012Metric",136.597178,-124.666177,-90.000000,top
"C3","10uF","C_0805_2012Metric",74.288728,-58.632279,-90.000000,top
"C3","10uF","C_0805_2012Metric",108.824621,-78.435517,90.000000,top
"C3","10uF","C_0805_2012Metric",74.288728,-124.666177,-90.000000,top
"C3","10uF","C_0805_2012Metric",185.697628,-58.632279,-90.000000,top
"C3","10uF","C_0805_2012Metric",53.120171,-12.401619,90.000000,top
"C3","10uF","C_0805_2012Metric",164.529071,-78.435517,90.000000,top
"C3","10uF","C_0805_2012Metric",129.993178,-58.632279,-90.000000,top
"C3","10uF","C_0805_2012Metric",129.993178,-124.666177,-90.000000,top
"C3","10uF","C_0805_2012Metric",53.120171,-78.435517,90.000000,top
"C3","10uF","C_0805_2012Metric",18.584278,-124.666177,-90.000000,top
"C3","10uF","C_0805_2012Metric",18.584278,-58.632279,-90.000000,top
"C3","10uF","C_0805_2012Metric",164.529071,-12.401619,90.000000,top
"C3","10uF","C_0805_2012Metric",108.824621,-12.401619,90.000000,top
"C3","10uF","C_0805_2012Metric",185.697628,-124.666177,-90.000000,top
"D1","LED_ARGB","LED_RGB_Wuerth-PLCC4_3.2x2.8mm_150141M173100",105.573421,-49.993619,-90.000000,top
"D1","LED_ARGB","LED_RGB_Wuerth-PLCC4_3.2x2.8mm_150141M173100",77.539928,-21.040279,90.000000,top
"D1","LED_ARGB","LED_RGB_Wuerth-PLCC4_3.2x2.8mm_150141M173100",49.868971,-116.027517,-90.000000,top
"D1","LED_ARGB","LED_RGB_Wuerth-PLCC4_3.2x2.8mm_150141M173100",133.244378,-87.074177,90.000000,top
"D1","LED_ARGB","LED_RGB_Wuerth-PLCC4_3.2x2.8mm_150141M173100",21.835478,-87.074177,90.000000,top
"D1","LED_ARGB","LED_RGB_Wuerth-PLCC4_3.2x2.8mm_150141M173100",77.539928,-87.074177,90.000000,top
"D1","LED_ARGB","LED_RGB_Wuerth-PLCC4_3.2x2.8mm_150141M173100",161.277871,-49.993619,-90.000000,top
"D1","LED_ARGB","LED_RGB_Wuerth-PLCC4_3.2x2.8mm_150141M173100",188.948828,-21.040279,90.000000,top
"D1","LED_ARGB","LED_RGB_Wuerth-PLCC4_3.2x2.8mm_150141M173100",105.573421,-116.027517,-90.000000,top
"D1","LED_ARGB","LED_RGB_Wuerth-PLCC4_3.2x2.8mm_150141M173100",133.244378,-21.040279,90.000000,top
"D1","LED_ARGB","LED_RGB_Wuerth-PLCC4_3.2x2.8mm_150141M173100",21.835478,-21.040279,90.000000,top
"D1","LED_ARGB","LED_RGB_Wuerth-PLCC4_3.2x2.8mm_150141M173100",188.948828,-87.074177,90.000000,top
"D1","LED_ARGB","LED_RGB_Wuerth-PLCC4_3.2x2.8mm_150141M173100",161.277871,-116.027517,-90.000000,top
"D1","LED_ARGB","LED_RGB_Wuerth-PLCC4_3.2x2.8mm_150141M173100",49.868971,-49.993619,-90.000000,top
"D2","LED","LED_0805_2012Metric",114.158621,-34.499619,180.000000,top
"D2","LED","LED_0805_2012Metric",169.863071,-100.533517,180.000000,top
"D2","LED","LED_0805_2012Metric",58.454171,-34.499619,180.000000,top
"D2","LED","LED_0805_2012Metric",169.863071,-34.499619,180.000000,top
"D2","LED","LED_0805_2012Metric",58.454171,-100.533517,180.000000,top
"D2","LED","LED_0805_2012Metric",124.659178,-36.534279,0.000000,top
"D2","LED","LED_0805_2012Metric",13.250278,-36.534279,0.000000,top
"D2","LED","LED_0805_2012Metric",13.250278,-102.568177,0.000000,top
"D2","LED","LED_0805_2012Metric",68.954728,-36.534279,0.000000,top
"D2","LED","LED_0805_2012Metric",180.363628,-36.534279,0.000000,top
"D2","LED","LED_0805_2012Metric",114.158621,-100.533517,180.000000,top
"D2","LED","LED_0805_2012Metric",180.363628,-102.568177,0.000000,top
"D2","LED","LED_0805_2012Metric",68.954728,-102.568177,0.000000,top
"D2","LED","LED_0805_2012Metric",124.659178,-102.568177,0.000000,top
"D3","LED","LED_0805_2012Metric",30.522278,-102.568177,180.000000,top
"D3","LED","LED_0805_2012Metric",152.591071,-100.533517,0.000000,top
"D3","LED","LED_0805_2012Metric",141.931178,-36.534279,180.000000,top
"D3","LED","LED_0805_2012Metric",30.522278,-36.534279,180.000000,top
"D3","LED","LED_0805_2012Metric",197.635628,-102.568177,180.000000,top
"D3","LED","LED_0805_2012Metric",86.226728,-36.534279,180.000000,top
"D3","LED","LED_0805_2012Metric",96.886621,-100.533517,0.000000,top
"D3","LED","LED_0805_2012Metric",152.591071,-34.499619,0.000000,top
"D3","LED","LED_0805_2012Metric",197.635628,-36.534279,180.000000,top
"D3","LED","LED_0805_2012Metric",96.886621,-34.499619,0.000000,top
"D3","LED","LED_0805_2012Metric",41.182171,-100.533517,0.000000,top
"D3","LED","LED_0805_2012Metric",41.182171,-34.499619,0.000000,top
"D3","LED","LED_0805_2012Metric",86.226728,-102.568177,180.000000,top
"D3","LED","LED_0805_2012Metric",141.931178,-102.568177,180.000000,top
"D4","LED","LED_0805_2012Metric",56.168171,-108.153517,180.000000,top
"D4","LED","LED_0805_2012Metric",167.577071,-42.119619,180.000000,top
"D4","LED","LED_0805_2012Metric",56.168171,-42.119619,180.000000,top
"D4","LED","LED_0805_2012Metric",71.240728,-94.948177,0.000000,top
"D4","LED","LED_0805_2012Metric",182.649628,-94.948177,0.000000,top
"D4","LED","LED_0805_2012Metric",126.945178,-94.948177,0.000000,top
"D4","LED","LED_0805_2012Metric",15.536278,-94.948177,0.000000,top
"D4","LED","LED_0805_2012Metric",15.536278,-28.914279,0.000000,top
"D4","LED","LED_0805_2012Metric",126.945178,-28.914279,0.000000,top
"D4","LED","LED_0805_2012Metric",182.649628,-28.914279,0.000000,top
"D4","LED","LED_0805_2012Metric",71.240728,-28.914279,0.000000,top
"D4","LED","LED_0805_2012Metric",167.577071,-108.153517,180.000000,top
"D4","LED","LED_0805_2012Metric",111.872621,-108.153517,180.000000,top
"D4","LED","LED_0805_2012Metric",111.872621,-42.119619,180.000000,top
"D5","LED","LED_0805_2012Metric",154.877071,-42.119619,0.000000,top
"D5","LED","LED_0805_2012Metric",139.645178,-94.948177,180.000000,top
"D5","LED","LED_0805_2012Metric",154.877071,-108.153517,0.000000,top
"D5","LED","LED_0805_2012Metric",28.236278,-28.914279,180.000000,top
"D5","LED","LED_0805_2012Metric",28.236278,-94.948177,180.000000,top
"D5","LED","LED_0805_2012Metric",43.468171,-108.153517,0.000000,top
"D5","LED","LED_0805_2012Metric",139.645178,-28.914279,180.000000,top
"D5","LED","LED_0805_2012Metric",83.940728,-94.948177,180.000000,top
"D5","LED","LED_0805_2012Metric",195.349628,-28.914279,180.000000,top
"D5","LED","LED_0805_2012Metric",99.172621,-42.119619,0.000000,top
"D5","LED","LED_0805_2012Metric",195.349628,-94.948177,180.000000,top
"D5","LED","LED_0805_2012Metric",83.940728,-28.914279,180.000000,top
"D5","LED","LED_0805_2012Metric",99.172621,-108.153517,0.000000,top
"D5","LED","LED_0805_2012Metric",43.468171,-42.119619,0.000000,top
"D6","LED","LED_0805_2012Metric",111.618621,-113.487517,180.000000,top
"D6","LED","LED_0805_2012Metric",71.494728,-89.614177,0.000000,top
"D6","LED","LED_0805_2012Metric",127.199178,-89.614177,0.000000,top
"D6","LED","LED_0805_2012Metric",15.790278,-23.580279,0.000000,top
"D6","LED","LED_0805_2012Metric",167.323071,-113.487517,180.000000,top
"D6","LED","LED_0805_2012Metric",15.790278,-89.614177,0.000000,top
"D6","LED","LED_0805_2012Metric",127.199178,-23.580279,0.000000,top
"D6","LED","LED_0805_2012Metric",182.903628,-89.614177,0.000000,top
"D6","LED","LED_0805_2012Metric",111.618621,-47.453619,180.000000,top
"D6","LED","LED_0805_2012Metric",55.914171,-47.453619,180.000000,top
"D6","LED","LED_0805_2012Metric",182.903628,-23.580279,0.000000,top
"D6","LED","LED_0805_2012Metric",167.323071,-47.453619,180.000000,top
"D6","LED","LED_0805_2012Metric",55.914171,-113.487517,180.000000,top
"D6","LED","LED_0805_2012Metric",71.494728,-23.580279,0.000000,top
"D7","LED","LED_0805_2012Metric",43.722171,-47.453619,0.000000,top
"D7","LED","LED_0805_2012Metric",139.391178,-89.614177,180.000000,top
"D7","LED","LED_0805_2012Metric",155.131071,-113.487517,0.000000,top
"D7","LED","LED_0805_2012Metric",27.982278,-23.580279,180.000000,top
"D7","LED","LED_0805_2012Metric",99.426621,-113.487517,0.000000,top
"D7","LED","LED_0805_2012Metric",83.686728,-89.614177,180.000000,top
"D7","LED","LED_0805_2012Metric",195.095628,-23.580279,180.000000,top
"D7","LED","LED_0805_2012Metric",27.982278,-89.614177,180.000000,top
"D7","LED","LED_0805_2012Metric",139.391178,-23.580279,180.000000,top
"D7","LED","LED_0805_2012Metric",43.722171,-113.487517,0.000000,top
"D7","LED","LED_0805_2012Metric",195.095628,-89.614177,180.000000,top
"D7","LED","LED_0805_2012Metric",99.426621,-47.453619,0.000000,top
"D7","LED","LED_0805_2012Metric",155.131071,-47.453619,0.000000,top
"D7","LED","LED_0805_2012Metric",83.686728,-23.580279,180.000000,top
"D8","LED","LED_0805_2012Metric",74.034728,-17.230279,0.000000,top
"D8","LED","LED_0805_2012Metric",53.374171,-53.803619,180.000000,top
"D8","LED","LED_0805_2012Metric",185.443628,-17.230279,0.000000,top
"D8","LED","LED_0805_2012Metric",129.739178,-83.264177,0.000000,top
"D8","LED","LED_0805_2012Metric",18.330278,-17.230279,0.000000,top
"D8","LED","LED_0805_2012Metric",185.443628,-83.264177,0.000000,top
"D8","LED","LED_0805_2012Metric",164.783071,-119.837517,180.000000,top
"D8","LED","LED_0805_2012Metric",74.034728,-83.264177,0.000000,top
"D8","LED","LED_0805_2012Metric",164.783071,-53.803619,180.000000,top
"D8","LED","LED_0805_2012Metric",53.374171,-119.837517,180.000000,top
"D8","LED","LED_0805_2012Metric",109.078621,-53.803619,180.000000,top
"D8","LED","LED_0805_2012Metric",109.078621,-119.837517,180.000000,top
"D8","LED","LED_0805_2012Metric",18.330278,-83.264177,0.000000,top
"D8","LED","LED_0805_2012Metric",129.739178,-17.230279,0.000000,top
"D9","LED","LED_0805_2012Metric",81.146728,-83.264177,180.000000,top
"D9","LED","LED_0805_2012Metric",136.851178,-83.264177,180.000000,top
"D9","LED","LED_0805_2012Metric",192.555628,-17.230279,180.000000,top
"D9","LED","LED_0805_2012Metric",25.442278,-83.264177,180.000000,top
"D9","LED","LED_0805_2012Metric",46.262171,-119.837517,0.000000,top
"D9","LED","LED_0805_2012Metric",136.851178,-17.230279,180.000000,top
"D9","LED","LED_0805_2012Metric",25.442278,-17.230279,180.000000,top
"D9","LED","LED_0805_2012Metric",101.966621,-119.837517,0.000000,top
"D9","LED","LED_0805_2012Metric",157.671071,-53.803619,0.000000,top
"D9","LED","LED_0805_2012Metric",157.671071,-119.837517,0.000000,top
"D9","LED","LED_0805_2012Metric",192.555628,-83.264177,180.000000,top
"D9","LED","LED_0805_2012Metric",81.146728,-17.230279,180.000000,top
"D9","LED","LED_0805_2012Metric",46.262171,-53.803619,0.000000,top
"D9","LED","LED_0805_2012Metric",101.966621,-53.803619,0.000000,top
"D10","LED","LED_0805_2012Metric",60.486171,-91.643517,180.000000,top
"D10","LED","LED_0805_2012Metric",171.895071,-91.643517,180.000000,top
"D10","LED","LED_0805_2012Metric",122.627178,-45.424279,0.000000,top
"D10","LED","LED_0805_2012Metric",116.190621,-25.609619,180.000000,top
"D10","LED","LED_0805_2012Metric",60.486171,-25.609619,180.000000,top
"D10","LED","LED_0805_2012Metric",66.922728,-45.424279,0.000000,top
"D10","LED","LED_0805_2012Metric",116.190621,-91.643517,180.000000,top
"D10","LED","LED_0805_2012Metric",11.218278,-45.424279,0.000000,top
"D10","LED","LED_0805_2012Metric",178.331628,-111.458177,0.000000,top
"D10","LED","LED_0805_2012Metric",171.895071,-25.609619,180.000000,top
"D10","LED","LED_0805_2012Metric",66.922728,-111.458177,0.000000,top
"D10","LED","LED_0805_2012Metric",122.627178,-111.458177,0.000000,top
"D10","LED","LED_0805_2012Metric",11.218278,-111.458177,0.000000,top
"D10","LED","LED_0805_2012Metric",178.331628,-45.424279,0.000000,top
"D11","LED","LED_0805_2012Metric",199.667628,-45.424279,180.000000,top
"D11","LED","LED_0805_2012Metric",199.667628,-111.458177,180.000000,top
"D11","LED","LED_0805_2012Metric",39.150171,-25.609619,0.000000,top
"D11","LED","LED_0805_2012Metric",150.559071,-25.609619,0.000000,top
"D11","LED","LED_0805_2012Metric",143.963178,-111.458177,180.000000,top
"D11","LED","LED_0805_2012Metric",94.854621,-25.609619,0.000000,top
"D11","LED","LED_0805_2012Metric",150.559071,-91.643517,0.000000,top
"D11","LED","LED_0805_2012Metric",39.150171,-91.643517,0.000000,top
"D11","LED","LED_0805_2012Metric",32.554278,-111.458177,180.000000,top
"D11","LED","LED_0805_2012Metric",88.258728,-111.458177,180.000000,top
"D11","LED","LED_0805_2012Metric",94.854621,-91.643517,0.000000,top
"D11","LED","LED_0805_2012Metric",143.963178,-45.424279,180.000000,top
"D11","LED","LED_0805_2012Metric",32.554278,-45.424279,180.000000,top
"D11","LED","LED_0805_2012Metric",88.258728,-45.424279,180.000000,top
"D12","LED","LED_0805_2012Metric",169.101071,-13.925619,180.000000,top
"D12","LED","LED_0805_2012Metric",169.101071,-79.959517,180.000000,top
"D12","LED","LED_0805_2012Metric",181.125628,-123.142177,0.000000,top
"D12","LED","LED_0805_2012Metric",113.396621,-79.959517,180.000000,top
"D12","LED","LED_0805_2012Metric",57.692171,-13.925619,180.000000,top
"D12","LED","LED_0805_2012Metric",69.716728,-57.108279,0.000000,top
"D12","LED","LED_0805_2012Metric",14.012278,-57.108279,0.000000,top
"D12","LED","LED_0805_2012Metric",181.125628,-57.108279,0.000000,top
"D12","LED","LED_0805_2012Metric",57.692171,-79.959517,180.000000,top
"D12","LED","LED_0805_2012Metric",69.716728,-123.142177,0.000000,top
"D12","LED","LED_0805_2012Metric",113.396621,-13.925619,180.000000,top
"D12","LED","LED_0805_2012Metric",14.012278,-123.142177,0.000000,top
"D12","LED","LED_0805_2012Metric",125.421178,-123.142177,0.000000,top
"D12","LED","LED_0805_2012Metric",125.421178,-57.108279,0.000000,top
"D13","LED","LED_0805_2012Metric",197.127628,-123.142177,180.000000,top
"D13","LED","LED_0805_2012Metric",41.690171,-79.959517,0.000000,top
"D13","LED","LED_0805_2012Metric",153.099071,-79.959517,0.000000,top
"D13","LED","LED_0805_2012Metric",153.099071,-13.925619,0.000000,top
"D13","LED","LED_0805_2012Metric",97.394621,-79.959517,0.000000,top
"D13","LED","LED_0805_2012Metric",30.014278,-123.142177,180.000000,top
"D13","LED","LED_0805_2012Metric",30.014278,-57.108279,180.000000,top
"D13","LED","LED_0805_2012Metric",141.423178,-123.142177,180.000000,top
"D13","LED","LED_0805_2012Metric",141.423178,-57.108279,180.000000,top
"D13","LED","LED_0805_2012Metric",197.127628,-57.108279,180.000000,top
"D13","LED","LED_0805_2012Metric",97.394621,-13.925619,0.000000,top
"D13","LED","LED_0805_2012Metric",41.690171,-13.925619,0.000000,top
"D13","LED","LED_0805_2012Metric",85.718728,-57.108279,180.000000,top
"D13","LED","LED_0805_2012Metric",85.718728,-123.142177,180.000000,top
"L1","L","L_1008_2520Metric",188.999628,-96.393677,90.000000,top
"L1","L","L_1008_2520Metric",105.522621,-106.708017,-90.000000,top
"L1","L","L_1008_2520Metric",49.818171,-106.708017,-90.000000,top
"L1","L","L_1008_2520Metric",133.295178,-30.359779,90.000000,top
"L1","L","L_1008_2520Metric",21.886278,-30.359779,90.000000,top
"L1","L","L_1008_2520Metric",77.590728,-96.393677,90.000000,top
"L1","L","L_1008_2520Metric",188.999628,-30.359779,90.000000,top
"L1","L","L_1008_2520Metric",161.227071,-106.708017,-90.000000,top
"L1","L","L_1008_2520Metric",49.818171,-40.674119,-90.000000,top
"L1","L","L_1008_2520Metric",21.886278,-96.393677,90.000000,top
"L1","L","L_1008_2520Metric",77.590728,-30.359779,90.000000,top
"L1","L","L_1008_2520Metric",105.522621,-40.674119,-90.000000,top
"L1","L","L_1008_2520Metric",133.295178,-96.393677,90.000000,top
"L1","L","L_1008_2520Metric",161.227071,-40.674119,-90.000000,top
"L2","L","L_1008_2520Metric",108.570621,-40.674119,-90.000000,top
"L2","L","L_1008_2520Metric",130.247178,-30.359779,90.000000,top
"L2","L","L_1008_2520Metric",52.866171,-40.674119,-90.000000,top
"L2","L","L_1008_2520Metric",164.275071,-106.708017,-90.000000,top
"L2","L","L_1008_2520Metric",185.951628,-30.359779,90.000000,top
"L2","L","L_1008_2520Metric",18.838278,-30.359779,90.000000,top
"L2","L","L_1008_2520Metric",108.570621,-106.708017,-90.000000,top
"L2","L","L_1008_2520Metric",130.247178,-96.393677,90.000000,top
"L2","L","L_1008_2520Metric",164.275071,-40.674119,-90.000000,top
"L2","L","L_1008_2520Metric",18.838278,-96.393677,90.000000,top
"L2","L","L_1008_2520Metric",74.542728,-96.393677,90.000000,top
"L2","L","L_1008_2520Metric",74.542728,-30.359779,90.000000,top
"L2","L","L_1008_2520Metric",52.866171,-106.708017,-90.000000,top
"L2","L","L_1008_2520Metric",185.951628,-96.393677,90.000000,top
"L3","L","L_1008_2520Metric",158.179071,-40.674119,-90.000000,top
"L3","L","L_1008_2520Metric",80.638728,-30.359779,90.000000,top
"L3","L","L_1008_2520Metric",24.934278,-30.359779,90.000000,top
"L3","L","L_1008_2520Metric",136.343178,-96.393677,90.000000,top
"L3","L","L_1008_2520Metric",192.047628,-96.393677,90.000000,top
"L3","L","L_1008_2520Metric",24.934278,-96.393677,90.000000,top
"L3","L","L_1008_2520Metric",192.047628,-30.359779,90.000000,top
"L3","L","L_1008_2520Metric",80.638728,-96.393677,90.000000,top
"L3","L","L_1008_2520Metric",158.179071,-106.708017,-90.000000,top
"L3","L","L_1008_2520Metric",102.474621,-40.674119,-90.000000,top
"L3","L","L_1008_2520Metric",102.474621,-106.708017,-90.000000,top
"L3","L","L_1008_2520Metric",136.343178,-30.359779,90.000000,top
"L3","L","L_1008_2520Metric",46.770171,-106.708017,-90.000000,top
"L3","L","L_1008_2520Metric",46.770171,-40.674119,-90.000000,top
"Q1","AO3401A","SOT-23",49.818171,-36.610119,90.000000,top
"Q1","AO3401A","SOT-23",161.227071,-36.610119,90.000000,top
"Q1","AO3401A","SOT-23",161.227071,-102.644017,90.000000,top
"Q1","AO3401A","SOT-23",77.590728,-34.423779,-90.000000,top
"Q1","AO3401A","SOT-23",188.999628,-100.457677,-90.000000,top
"Q1","AO3401A","SOT-23",188.999628,-34.423779,-90.000000,top
"Q1","AO3401A","SOT-23",133.295178,-34.423779,-90.000000,top
"Q1","AO3401A","SOT-23",21.886278,-34.423779,-90.000000,top
"Q1","AO3401A","SOT-23",105.522621,-36.610119,90.000000,top
"Q1","AO3401A","SOT-23",77.590728,-100.457677,-90.000000,top
"Q1","AO3401A","SOT-23",105.522621,-102.644017,90.000000,top
"Q1","AO3401A","SOT-23",133.295178,-100.457677,-90.000000,top
"Q1","AO3401A","SOT-23",49.818171,-102.644017,90.000000,top
"Q1","AO3401A","SOT-23",21.886278,-100.457677,-90.000000,top
"Q2","AO3401A","SOT-23",18.330278,-100.457677,-90.000000,top
"Q2","AO3401A","SOT-23",109.078621,-102.644017,90.000000,top
"Q2","AO3401A","SOT-23",129.739178,-34.423779,-90.000000,top
"Q2","AO3401A","SOT-23",109.078621,-36.610119,90.000000,top
"Q2","AO3401A","SOT-23",185.443628,-34.423779,-90.000000,top
"Q2","AO3401A","SOT-23",185.443628,-100.457677,-90.000000,top
"Q2","AO3401A","SOT-23",164.783071,-102.644017,90.000000,top
"Q2","AO3401A","SOT-23",164.783071,-36.610119,90.000000,top
"Q2","AO3401A","SOT-23",129.739178,-100.457677,-90.000000,top
"Q2","AO3401A","SOT-23",53.374171,-36.610119,90.000000,top
"Q2","AO3401A","SOT-23",18.330278,-34.423779,-90.000000,top
"Q2","AO3401A","SOT-23",74.034728,-34.423779,-90.000000,top
"Q2","AO3401A","SOT-23",53.374171,-102.644017,90.000000,top
"Q2","AO3401A","SOT-23",74.034728,-100.457677,-90.000000,top
"Q3","AO3401A","SOT-23",25.442278,-100.457677,-90.000000,top
"Q3","AO3401A","SOT-23",136.851178,-34.423779,-90.000000,top
"Q3","AO3401A","SOT-23",81.146728,-34.423779,-90.000000,top
"Q3","AO3401A","SOT-23",192.555628,-100.457677,-90.000000,top
"Q3","AO3401A","SOT-23",192.555628,-34.423779,-90.000000,top
"Q3","AO3401A","SOT-23",81.146728,-100.457677,-90.000000,top
"Q3","AO3401A","SOT-23",46.262171,-36.610119,90.000000,top
"Q3","AO3401A","SOT-23",101.966621,-102.644017,90.000000,top
"Q3","AO3401A","SOT-23",101.966621,-36.610119,90.000000,top
"Q3","AO3401A","SOT-23",46.262171,-102.644017,90.000000,top
"Q3","AO3401A","SOT-23",157.671071,-102.644017,90.000000,top
"Q3","AO3401A","SOT-23",136.851178,-100.457677,-90.000000,top
"Q3","AO3401A","SOT-23",25.442278,-34.423779,-90.000000,top
"Q3","AO3401A","SOT-23",157.671071,-36.610119,90.000000,top
"R1","100k","R_0603_1608Metric",105.522621,-33.757119,0.000000,top
"R1","100k","R_0603_1608Metric",21.886278,-103.310677,180.000000,top
"R1","100k","R_0603_1608Metric",133.295178,-103.310677,180.000000,top
"R1","100k","R_0603_1608Metric",77.590728,-103.310677,180.000000,top
"R1","100k","R_0603_1608Metric",188.999628,-103.310677,180.000000,top
"R1","100k","R_0603_1608Metric",188.999628,-37.276779,180.000000,top
"R1","100k","R_0603_1608Metric",133.295178,-37.276779,180.000000,top
"R1","100k","R_0603_1608Metric",161.227071,-33.757119,0.000000,top
"R1","100k","R_0603_1608Metric",105.522621,-99.791017,0.000000,top
"R1","100k","R_0603_1608Metric",77.590728,-37.276779,180.000000,top
"R1","100k","R_0603_1608Metric",49.818171,-99.791017,0.000000,top
"R1","100k","R_0603_1608Metric",161.227071,-99.791017,0.000000,top
"R1","100k","R_0603_1608Metric",21.886278,-37.276779,180.000000,top
"R1","100k","R_0603_1608Metric",49.818171,-33.757119,0.000000,top
"R2","100k","R_0603_1608Metric",74.034728,-37.276779,180.000000,top
"R2","100k","R_0603_1608Metric",18.330278,-103.310677,180.000000,top
"R2","100k","R_0603_1608Metric",109.078621,-99.791017,0.000000,top
"R2","100k","R_0603_1608Metric",109.078621,-33.757119,0.000000,top
"R2","100k","R_0603_1608Metric",185.443628,-37.276779,180.000000,top
"R2","100k","R_0603_1608Metric",53.374171,-33.757119,0.000000,top
"R2","100k","R_0603_1608Metric",53.374171,-99.791017,0.000000,top
"R2","100k","R_0603_1608Metric",74.034728,-103.310677,180.000000,top
"R2","100k","R_0603_1608Metric",129.739178,-37.276779,180.000000,top
"R2","100k","R_0603_1608Metric",18.330278,-37.276779,180.000000,top
"R2","100k","R_0603_1608Metric",164.783071,-99.791017,0.000000,top
"R2","100k","R_0603_1608Metric",185.443628,-103.310677,180.000000,top
"R2","100k","R_0603_1608Metric",129.739178,-103.310677,180.000000,top
"R2","100k","R_0603_1608Metric",164.783071,-33.757119,0.000000,top
"R3","100k","R_0603_1608Metric",46.262171,-99.791017,0.000000,top
"R3","100k","R_0603_1608Metric",192.555628,-37.276779,180.000000,top
"R3","100k","R_0603_1608Metric",101.966621,-33.757119,0.000000,top
"R3","100k","R_0603_1608Metric",81.146728,-103.310677,180.000000,top
"R3","100k","R_0603_1608Metric",136.851178,-103.310677,180.000000,top
"R3","100k","R_0603_1608Metric",157.671071,-33.757119,0.000000,top
"R3","100k","R_0603_1608Metric",136.851178,-37.276779,180.000000,top
"R3","100k","R_0603_1608Metric",101.966621,-99.791017,0.000000,top
"R3","100k","R_0603_1608Metric",25.442278,-37.276779,180.000000,top
"R3","100k","R_0603_1608Metric",81.146728,-37.276779,180.000000,top
"R3","100k","R_0603_1608Metric",157.671071,-99.791017,0.000000,top
"R3","100k","R_0603_1608Metric",192.555628,-103.310677,180.000000,top
"R3","100k","R_0603_1608Metric",25.442278,-103.310677,180.000000,top
"R3","100k","R_0603_1608Metric",46.262171,-33.757119,0.000000,top
"R4","1k","R_0603_1608Metric",56.676171,-27.895619,180.000000,top
"R4","1k","R_0603_1608Metric",168.085071,-93.929517,180.000000,top
"R4","1k","R_0603_1608Metric",15.028278,-43.138279,0.000000,top
"R4","1k","R_0603_1608Metric",112.380621,-93.929517,180.000000,top
"R4","1k","R_0603_1608Metric",126.437178,-109.172177,0.000000,top
"R4","1k","R_0603_1608Metric",70.732728,-109.172177,0.000000,top
"R4","1k","R_0603_1608Metric",126.437178,-43.138279,0.000000,top
"R4","1k","R_0603_1608Metric",15.028278,-109.172177,0.000000,top
"R4","1k","R_0603_1608Metric",56.676171,-93.929517,180.000000,top
"R4","1k","R_0603_1608Metric",182.141628,-43.138279,0.000000,top
"R4","1k","R_0603_1608Metric",112.380621,-27.895619,180.000000,top
"R4","1k","R_0603_1608Metric",70.732728,-43.138279,0.000000,top
"R4","1k","R_0603_1608Metric",168.085071,-27.895619,180.000000,top
"R4","1k","R_0603_1608Metric",182.141628,-109.172177,0.000000,top
"R5","1k","R_0603_1608Metric",112.126621,-89.611517,180.000000,top
"R5","1k","R_0603_1608Metric",70.986728,-47.456279,0.000000,top
"R5","1k","R_0603_1608Metric",126.691178,-47.456279,0.000000,top
"R5","1k","R_0603_1608Metric",112.126621,-23.577619,180.000000,top
"R5","1k","R_0603_1608Metric",70.986728,-113.490177,0.000000,top
"R5","1k","R_0603_1608Metric",15.282278,-113.490177,0.000000,top
"R5","1k","R_0603_1608Metric",167.831071,-23.577619,180.000000,top
"R5","1k","R_0603_1608Metric",15.282278,-47.456279,0.000000,top
"R5","1k","R_0603_1608Metric",167.831071,-89.611517,180.000000,top
"R5","1k","R_0603_1608Metric",56.422171,-23.577619,180.000000,top
"R5","1k","R_0603_1608Metric",182.395628,-113.490177,0.000000,top
"R5","1k","R_0603_1608Metric",182.395628,-47.456279,0.000000,top
"R5","1k","R_0603_1608Metric",126.691178,-113.490177,0.000000,top
"R5","1k","R_0603_1608Metric",56.422171,-89.611517,180.000000,top
"R6","1k","R_0603_1608Metric",14.774278,-49.234279,0.000000,top
"R6","1k","R_0603_1608Metric",168.339071,-87.833517,180.000000,top
"R6","1k","R_0603_1608Metric",112.634621,-87.833517,180.000000,top
"R6","1k","R_0603_1608Metric",70.478728,-115.268177,0.000000,top
"R6","1k","R_0603_1608Metric",181.887628,-49.234279,0.000000,top
"R6","1k","R_0603_1608Metric",14.774278,-115.268177,0.000000,top
"R6","1k","R_0603_1608Metric",181.887628,-115.268177,0.000000,top
"R6","1k","R_0603_1608Metric",126.183178,-115.268177,0.000000,top
"R6","1k","R_0603_1608Metric",56.930171,-21.799619,180.000000,top
"R6","1k","R_0603_1608Metric",56.930171,-87.833517,180.000000,top
"R6","1k","R_0603_1608Metric",112.634621,-21.799619,180.000000,top
"R6","1k","R_0603_1608Metric",168.339071,-21.799619,180.000000,top
"R6","1k","R_0603_1608Metric",126.183178,-49.234279,0.000000,top
"R6","1k","R_0603_1608Metric",70.478728,-49.234279,0.000000,top
"R7","1k","R_0603_1608Metric",181.887628,-117.046177,0.000000,top
"R7","1k","R_0603_1608Metric",56.930171,-86.055517,180.000000,top
"R7","1k","R_0603_1608Metric",168.339071,-86.055517,180.000000,top
"R7","1k","R_0603_1608Metric",14.774278,-117.046177,0.000000,top
"R7","1k","R_0603_1608Metric",126.183178,-117.046177,0.000000,top
"R7","1k","R_0603_1608Metric",112.634621,-86.055517,180.000000,top
"R7","1k","R_0603_1608Metric",168.339071,-20.021619,180.000000,top
"R7","1k","R_0603_1608Metric",70.478728,-117.046177,0.000000,top
"R7","1k","R_0603_1608Metric",112.634621,-20.021619,180.000000,top
"R7","1k","R_0603_1608Metric",70.478728,-51.012279,0.000000,top
"R7","1k","R_0603_1608Metric",56.930171,-20.021619,180.000000,top
"R7","1k","R_0603_1608Metric",14.774278,-51.012279,0.000000,top
"R7","1k","R_0603_1608Metric",126.183178,-51.012279,0.000000,top
"R7","1k","R_0603_1608Metric",181.887628,-51.012279,0.000000,top
"R8","1k","R_0603_1608Metric",70.478728,-118.824177,0.000000,top
"R8","1k","R_0603_1608Metric",126.183178,-118.824177,0.000000,top
"R8","1k","R_0603_1608Metric",14.774278,-52.790279,0.000000,top
"R8","1k","R_0603_1608Metric",168.339071,-84.277517,180.000000,top
"R8","1k","R_0603_1608Metric",168.339071,-18.243619,180.000000,top
"R8","1k","R_0603_1608Metric",14.774278,-118.824177,0.000000,top
"R8","1k","R_0603_1608Metric",56.930171,-84.277517,180.000000,top
"R8","1k","R_0603_1608Metric",70.478728,-52.790279,0.000000,top
"R8","1k","R_0603_1608Metric",112.634621,-18.243619,180.000000,top
"R8","1k","R_0603_1608Metric",126.183178,-52.790279,0.000000,top
"R8","1k","R_0603_1608Metric",56.930171,-18.243619,180.000000,top
"R8","1k","R_0603_1608Metric",181.887628,-52.790279,0.000000,top
"R8","1k","R_0603_1608Metric",112.634621,-84.277517,180.000000,top
"R8","1k","R_0603_1608Metric",181.887628,-118.824177,0.000000,top
"R9","1k","R_0603_1608Metric",181.887628,-120.602177,0.000000,top
"R9","1k","R_0603_1608Metric",70.478728,-54.568279,0.000000,top
"R9","1k","R_0603_1608Metric",56.930171,-16.465619,180.000000,top
"R9","1k","R_0603_1608Metric",14.774278,-54.568279,0.000000,top
"R9","1k","R_0603_1608Metric",168.339071,-82.499517,180.000000,top
"R9","1k","R_0603_1608Metric",126.183178,-54.568279,0.000000,top
"R9","1k","R_0603_1608Metric",112.634621,-16.465619,180.000000,top
"R9","1k","R_0603_1608Metric",14.774278,-120.602177,0.000000,top
"R9","1k","R_0603_1608Metric",126.183178,-120.602177,0.000000,top
"R9","1k","R_0603_1608Metric",70.478728,-120.602177,0.000000,top
"R9","1k","R_0603_1608Metric",112.634621,-82.499517,180.000000,top
"R9","1k","R_0603_1608Metric",56.930171,-82.499517,180.000000,top
"R9","1k","R_0603_1608Metric",181.887628,-54.568279,0.000000,top
"R9","1k","R_0603_1608Metric",168.339071,-16.465619,180.000000,top
"R10","100k","R_0603_1608Metric",155.893071,-80.721517,-90.000000,top
"R10","100k","R_0603_1608Metric",44.484171,-80.721517,-90.000000,top
"R10","100k","R_0603_1608Metric",82.924728,-122.380177,90.000000,top
"R10","100k","R_0603_1608Metric",194.333628,-56.346279,90.000000,top
"R10","100k","R_0603_1608Metric",27.220278,-56.346279,90.000000,top
"R10","100k","R_0603_1608Metric",100.188621,-80.721517,-90.000000,top
"R10","100k","R_0603_1608Metric",82.924728,-56.346279,90.000000,top
"R10","100k","R_0603_1608Metric",44.484171,-14.687619,-90.000000,top
"R10","100k","R_0603_1608Metric",27.220278,-122.380177,90.000000,top
"R10","100k","R_0603_1608Metric",194.333628,-122.380177,90.000000,top
"R10","100k","R_0603_1608Metric",138.629178,-56.346279,90.000000,top
"R10","100k","R_0603_1608Metric",155.893071,-14.687619,-90.000000,top
"R10","100k","R_0603_1608Metric",100.188621,-14.687619,-90.000000,top
"R10","100k","R_0603_1608Metric",138.629178,-122.380177,90.000000,top
"R11","100k","R_0603_1608Metric",138.121178,-117.808177,-90.000000,top
"R11","100k","R_0603_1608Metric",156.401071,-19.259619,90.000000,top
"R11","100k","R_0603_1608Metric",193.825628,-51.774279,-90.000000,top
"R11","100k","R_0603_1608Metric",100.696621,-85.293517,90.000000,top
"R11","100k","R_0603_1608Metric",82.416728,-117.808177,-90.000000,top
"R11","100k","R_0603_1608Metric",26.712278,-117.808177,-90.000000,top
"R11","100k","R_0603_1608Metric",26.712278,-51.774279,-90.000000,top
"R11","100k","R_0603_1608Metric",193.825628,-117.808177,-90.000000,top
"R11","100k","R_0603_1608Metric",44.992171,-85.293517,90.000000,top
"R11","100k","R_0603_1608Metric",138.121178,-51.774279,-90.000000,top
"R11","100k","R_0603_1608Metric",44.992171,-19.259619,90.000000,top
"R11","100k","R_0603_1608Metric",100.696621,-19.259619,90.000000,top
"R11","100k","R_0603_1608Metric",82.416728,-51.774279,-90.000000,top
"R11","100k","R_0603_1608Metric",156.401071,-85.293517,90.000000,top
"R12","100k","R_0603_1608Metric",42.960171,-24.339619,180.000000,top
"R12","100k","R_0603_1608Metric",195.857628,-46.694279,0.000000,top
"R12","100k","R_0603_1608Metric",154.369071,-90.373517,180.000000,top
"R12","100k","R_0603_1608Metric",98.664621,-90.373517,180.000000,top
"R12","100k","R_0603_1608Metric",84.448728,-46.694279,0.000000,top
"R12","100k","R_0603_1608Metric",42.960171,-90.373517,180.000000,top
"R12","100k","R_0603_1608Metric",28.744278,-46.694279,0.000000,top
"R12","100k","R_0603_1608Metric",195.857628,-112.728177,0.000000,top
"R12","100k","R_0603_1608Metric",154.369071,-24.339619,180.000000,top
"R12","100k","R_0603_1608Metric",140.153178,-46.694279,0.000000,top
"R12","100k","R_0603_1608Metric",140.153178,-112.728177,0.000000,top
"R12","100k","R_0603_1608Metric",84.448728,-112.728177,0.000000,top
"R12","100k","R_0603_1608Metric",28.744278,-112.728177,0.000000,top
"R12","100k","R_0603_1608Metric",98.664621,-24.339619,180.000000,top
"SW1","SW_DPST_x2","SW_SPST_TL3342",105.522621,-92.151517,0.000000,top
"SW1","SW_DPST_x2","SW_SPST_TL3342",77.590728,-110.950177,180.000000,top
"SW1","SW_DPST_x2","SW_SPST_TL3342",133.295178,-110.950177,180.000000,top
"SW1","SW_DPST_x2","SW_SPST_TL3342",133.295178,-44.916279,180.000000,top
"SW1","SW_DPST_x2","SW_SPST_TL3342",188.999628,-110.950177,180.000000,top
"SW1","SW_DPST_x2","SW_SPST_TL3342",77.590728,-44.916279,180.000000,top
"SW1","SW_DPST_x2","SW_SPST_TL3342",49.818171,-26.117619,0.000000,top
"SW1","SW_DPST_x2","SW_SPST_TL3342",21.886278,-110.950177,180.000000,top
"SW1","SW_DPST_x2","SW_SPST_TL3342",21.886278,-44.916279,180.000000,top
"SW1","SW_DPST_x2","SW_SPST_TL3342",49.818171,-92.151517,0.000000,top
"SW1","SW_DPST_x2","SW_SPST_TL3342",105.522621,-26.117619,0.000000,top
"SW1","SW_DPST_x2","SW_SPST_TL3342",161.227071,-92.151517,0.000000,top
"SW1","SW_DPST_x2","SW_SPST_TL3342",161.227071,-26.117619,0.000000,top
"SW1","SW_DPST_x2","SW_SPST_TL3342",188.999628,-44.916279,180.000000,top
"U1","PY32F002AF15P6TU","TSSOP-20_4.4x6.5mm_P0.65mm",133.295178,-52.028279,0.000000,top
"U1","PY32F002AF15P6TU","TSSOP-20_4.4x6.5mm_P0.65mm",133.295178,-118.062177,0.000000,top
"U1","PY32F002AF15P6TU","TSSOP-20_4.4x6.5mm_P0.65mm",105.522621,-85.039517,180.000000,top
"U1","PY32F002AF15P6TU","TSSOP-20_4.4x6.5mm_P0.65mm",77.590728,-52.028279,0.000000,top
"U1","PY32F002AF15P6TU","TSSOP-20_4.4x6.5mm_P0.65mm",21.886278,-118.062177,0.000000,top
"U1","PY32F002AF15P6TU","TSSOP-20_4.4x6.5mm_P0.65mm",49.818171,-85.039517,180.000000,top
"U1","PY32F002AF15P6TU","TSSOP-20_4.4x6.5mm_P0.65mm",161.227071,-19.005619,180.000000,top
"U1","PY32F002AF15P6TU","TSSOP-20_4.4x6.5mm_P0.65mm",161.227071,-85.039517,180.000000,top
"U1","PY32F002AF15P6TU","TSSOP-20_4.4x6.5mm_P0.65mm",188.999628,-52.028279,0.000000,top
"U1","PY32F002AF15P6TU","TSSOP-20_4.4x6.5mm_P0.65mm",49.818171,-19.005619,180.000000,top
"U1","PY32F002AF15P6TU","TSSOP-20_4.4x6.5mm_P0.65mm",105.522621,-19.005619,180.000000,top
"U1","PY32F002AF15P6TU","TSSOP-20_4.4x6.5mm_P0.65mm",21.886278,-52.028279,0.000000,top
"U1","PY32F002AF15P6TU","TSSOP-20_4.4x6.5mm_P0.65mm",77.590728,-118.062177,0.000000,top
"U1","PY32F002AF15P6TU","TSSOP-20_4.4x6.5mm_P0.65mm",188.999628,-118.062177,0.000000,top
