Ref,Val,Package,MidX,MidY,Rotation,Layer
"C1","10uF","C_0805_2012Metric",185.151325,-29.748445,180.000000,top
"C1","10uF","C_0805_2012Metric",185.151325,-170.779047,180.000000,top
"C1","10uF","C_0805_2012Metric",133.120723,-29.748445,180.000000,top
"C1","10uF","C_0805_2012Metric",29.059519,-100.263746,180.000000,top
"C1","10uF","C_0805_2012Metric",29.059519,-170.779047,180.000000,top
"C1","10uF","C_0805_2012Metric",133.120723,-170.779047,180.000000,top
"C1","10uF","C_0805_2012Metric",29.059519,-29.748445,180.000000,top
"C1","10uF","C_0805_2012Metric",185.151325,-100.263746,180.000000,top
"C1","10uF","C_0805_2012Metric",81.090121,-170.779047,180.000000,top
"C1","10uF","C_0805_2012Metric",81.090121,-100.263746,180.000000,top
"C1","10uF","C_0805_2012Metric",133.120723,-100.263746,180.000000,top
"C1","10uF","C_0805_2012Metric",81.090121,-29.748445,180.000000,top
"C2","10uF","C_0805_2012Metric",137.820723,-54.998445,180.000000,top
"C2","10uF","C_0805_2012Metric",189.851325,-196.029047,180.000000,top
"C2","10uF","C_0805_2012Metric",85.790121,-54.998445,180.000000,top
"C2","10uF","C_0805_2012Metric",33.759519,-125.513746,180.000000,top
"C2","10uF","C_0805_2012Metric",137.820723,-196.029047,180.000000,top
"C2","10uF","C_0805_2012Metric",33.759519,-54.998445,180.000000,top
"C2","10uF","C_0805_2012Metric",85.790121,-196.029047,180.000000,top
"C2","10uF","C_0805_2012Metric",189.851325,-125.513746,180.000000,top
"C2","10uF","C_0805_2012Metric",137.820723,-125.513746,180.000000,top
"C2","10uF","C_0805_2012Metric",85.790121,-125.513746,180.000000,top
"C2","10uF","C_0805_2012Metric",189.851325,-54.998445,180.000000,top
"C2","10uF","C_0805_2012Metric",33.759519,-196.029047,180.000000,top
"C3","100nF","C_0805_2012Metric",132.320723,-175.029047,0.000000,top
"C3","100nF","C_0805_2012Metric",80.290121,-175.029047,0.000000,top
"C3","100nF","C_0805_2012Metric",184.351325,-175.029047,0.000000,top
"C3","100nF","C_0805_2012Metric",184.351325,-33.998445,0.000000,top
"C3","100nF","C_0805_2012Metric",184.351325,-104.513746,0.000000,top
"C3","100nF","C_0805_2012Metric",80.290121,-104.513746,0.000000,top
"C3","100nF","C_0805_2012Metric",80.290121,-33.998445,0.000000,top
"C3","100nF","C_0805_2012Metric",132.320723,-33.998445,0.000000,top
"C3","100nF","C_0805_2012Metric",28.259519,-33.998445,0.000000,top
"C3","100nF","C_0805_2012Metric",132.320723,-104.513746,0.000000,top
"C3","100nF","C_0805_2012Metric",28.259519,-175.029047,0.000000,top
"C3","100nF","C_0805_2012Metric",28.259519,-104.513746,0.000000,top
"D1","LED","LED_0805_2012Metric",211.601325,-184.029047,90.000000,top
"D1","LED","LED_0805_2012Metric",107.540121,-113.513746,90.000000,top
"D1","LED","LED_0805_2012Metric",159.570723,-113.513746,90.000000,top
"D1","LED","LED_0805_2012Metric",55.509519,-184.029047,90.000000,top
"D1","LED","LED_0805_2012Metric",211.601325,-42.998445,90.000000,top
"D1","LED","LED_0805_2012Metric",159.570723,-42.998445,90.000000,top
"D1","LED","LED_0805_2012Metric",55.509519,-113.513746,90.000000,top
"D1","LED","LED_0805_2012Metric",159.570723,-184.029047,90.000000,top
"D1","LED","LED_0805_2012Metric",107.540121,-42.998445,90.000000,top
"D1","LED","LED_0805_2012Metric",55.509519,-42.998445,90.000000,top
"D1","LED","LED_0805_2012Metric",107.540121,-184.029047,90.000000,top
"D1","LED","LED_0805_2012Metric",211.601325,-113.513746,90.000000,top
"D2","LED","LED_0805_2012Metric",44.009519,-164.110463,150.000000,top
"D2","LED","LED_0805_2012Metric",44.009519,-23.079861,150.000000,top
"D2","LED","LED_0805_2012Metric",96.040121,-164.110463,150.000000,top
"D2","LED","LED_0805_2012Metric",44.009519,-93.595162,150.000000,top
"D2","LED","LED_0805_2012Metric",148.070723,-164.110463,150.000000,top
"D2","LED","LED_0805_2012Metric",148.070723,-23.079861,150.000000,top
"D2","LED","LED_0805_2012Metric",200.101325,-23.079861,150.000000,top
"D2","LED","LED_0805_2012Metric",96.040121,-93.595162,150.000000,top
"D2","LED","LED_0805_2012Metric",200.101325,-164.110463,150.000000,top
"D2","LED","LED_0805_2012Metric",96.040121,-23.079861,150.000000,top
"D2","LED","LED_0805_2012Metric",148.070723,-93.595162,150.000000,top
"D2","LED","LED_0805_2012Metric",200.101325,-93.595162,150.000000,top
"D3","LED","LED_0805_2012Metric",73.040121,-164.110463,-150.000000,top
"D3","LED","LED_0805_2012Metric",73.040121,-93.595162,-150.000000,top
"D3","LED","LED_0805_2012Metric",177.101325,-23.079861,-150.000000,top
"D3","LED","LED_0805_2012Metric",21.009519,-164.110463,-150.000000,top
"D3","LED","LED_0805_2012Metric",125.070723,-164.110463,-150.000000,top
"D3","LED","LED_0805_2012Metric",125.070723,-23.079861,-150.000000,top
"D3","LED","LED_0805_2012Metric",21.009519,-23.079861,-150.000000,top
"D3","LED","LED_0805_2012Metric",125.070723,-93.595162,-150.000000,top
"D3","LED","LED_0805_2012Metric",177.101325,-164.110463,-150.000000,top
"D3","LED","LED_0805_2012Metric",177.101325,-93.595162,-150.000000,top
"D3","LED","LED_0805_2012Metric",21.009519,-93.595162,-150.000000,top
"D3","LED","LED_0805_2012Metric",73.040121,-23.079861,-150.000000,top
"D4","LED","LED_0805_2012Metric",113.570723,-184.029047,-90.000000,top
"D4","LED","LED_0805_2012Metric",165.601325,-113.513746,-90.000000,top
"D4","LED","LED_0805_2012Metric",9.509519,-42.998445,-90.000000,top
"D4","LED","LED_0805_2012Metric",113.570723,-113.513746,-90.000000,top
"D4","LED","LED_0805_2012Metric",61.540121,-42.998445,-90.000000,top
"D4","LED","LED_0805_2012Metric",165.601325,-42.998445,-90.000000,top
"D4","LED","LED_0805_2012Metric",165.601325,-184.029047,-90.000000,top
"D4","LED","LED_0805_2012Metric",113.570723,-42.998445,-90.000000,top
"D4","LED","LED_0805_2012Metric",9.509519,-184.029047,-90.000000,top
"D4","LED","LED_0805_2012Metric",61.540121,-184.029047,-90.000000,top
"D4","LED","LED_0805_2012Metric",61.540121,-113.513746,-90.000000,top
"D4","LED","LED_0805_2012Metric",9.509519,-113.513746,-90.000000,top
"D5","LED","LED_0805_2012Metric",73.040121,-62.917029,-30.000000,top
"D5","LED","LED_0805_2012Metric",21.009519,-203.947631,-30.000000,top
"D5","LED","LED_0805_2012Metric",125.070723,-133.432330,-30.000000,top
"D5","LED","LED_0805_2012Metric",73.040121,-203.947631,-30.000000,top
"D5","LED","LED_0805_2012Metric",125.070723,-62.917029,-30.000000,top
"D5","LED","LED_0805_2012Metric",21.009519,-133.432330,-30.000000,top
"D5","LED","LED_0805_2012Metric",177.101325,-203.947631,-30.000000,top
"D5","LED","LED_0805_2012Metric",177.101325,-62.917029,-30.000000,top
"D5","LED","LED_0805_2012Metric",177.101325,-133.432330,-30.000000,top
"D5","LED","LED_0805_2012Metric",21.009519,-62.917029,-30.000000,top
"D5","LED","LED_0805_2012Metric",73.040121,-133.432330,-30.000000,top
"D5","LED","LED_0805_2012Metric",125.070723,-203.947631,-30.000000,top
"D6","LED","LED_0805_2012Metric",96.040121,-133.432330,30.000000,top
"D6","LED","LED_0805_2012Metric",44.009519,-62.917029,30.000000,top
"D6","LED","LED_0805_2012Metric",200.101325,-133.432330,30.000000,top
"D6","LED","LED_0805_2012Metric",200.101325,-203.947631,30.000000,top
"D6","LED","LED_0805_2012Metric",44.009519,-133.432330,30.000000,top
"D6","LED","LED_0805_2012Metric",44.009519,-203.947631,30.000000,top
"D6","LED","LED_0805_2012Metric",148.070723,-62.917029,30.000000,top
"D6","LED","LED_0805_2012Metric",96.040121,-62.917029,30.000000,top
"D6","LED","LED_0805_2012Metric",148.070723,-133.432330,30.000000,top
"D6","LED","LED_0805_2012Metric",200.101325,-62.917029,30.000000,top
"D6","LED","LED_0805_2012Metric",96.040121,-203.947631,30.000000,top
"D6","LED","LED_0805_2012Metric",148.070723,-203.947631,30.000000,top
"D7","LED","LED_0805_2012Metric",106.153051,-176.162584,110.000000,top
"D7","LED","LED_0805_2012Metric",54.122449,-35.131982,110.000000,top
"D7","LED","LED_0805_2012Metric",106.153051,-35.131982,110.000000,top
"D7","LED","LED_0805_2012Metric",210.214255,-176.162584,110.000000,top
"D7","LED","LED_0805_2012Metric",106.153051,-105.647283,110.000000,top
"D7","LED","LED_0805_2012Metric",54.122449,-176.162584,110.000000,top
"D7","LED","LED_0805_2012Metric",158.183653,-35.131982,110.000000,top
"D7","LED","LED_0805_2012Metric",54.122449,-105.647283,110.000000,top
"D7","LED","LED_0805_2012Metric",210.214255,-105.647283,110.000000,top
"D7","LED","LED_0805_2012Metric",210.214255,-35.131982,110.000000,top
"D7","LED","LED_0805_2012Metric",158.183653,-105.647283,110.000000,top
"D7","LED","LED_0805_2012Metric",158.183653,-176.162584,110.000000,top
"D8","LED","LED_0805_2012Metric",36.503427,-20.347867,170.000000,top
"D8","LED","LED_0805_2012Metric",192.595233,-90.863168,170.000000,top
"D8","LED","LED_0805_2012Metric",192.595233,-20.347867,170.000000,top
"D8","LED","LED_0805_2012Metric",140.564631,-90.863168,170.000000,top
"D8","LED","LED_0805_2012Metric",88.534029,-90.863168,170.000000,top
"D8","LED","LED_0805_2012Metric",88.534029,-161.378469,170.000000,top
"D8","LED","LED_0805_2012Metric",88.534029,-20.347867,170.000000,top
"D8","LED","LED_0805_2012Metric",140.564631,-161.378469,170.000000,top
"D8","LED","LED_0805_2012Metric",36.503427,-161.378469,170.000000,top
"D8","LED","LED_0805_2012Metric",192.595233,-161.378469,170.000000,top
"D8","LED","LED_0805_2012Metric",140.564631,-20.347867,170.000000,top
"D8","LED","LED_0805_2012Metric",36.503427,-90.863168,170.000000,top
"D9","LED","LED_0805_2012Metric",118.951701,-169.244932,-130.000000,top
"D9","LED","LED_0805_2012Metric",118.951701,-28.214330,-130.000000,top
"D9","LED","LED_0805_2012Metric",14.890497,-28.214330,-130.000000,top
"D9","LED","LED_0805_2012Metric",14.890497,-98.729631,-130.000000,top
"D9","LED","LED_0805_2012Metric",66.921099,-98.729631,-130.000000,top
"D9","LED","LED_0805_2012Metric",170.982303,-169.244932,-130.000000,top
"D9","LED","LED_0805_2012Metric",170.982303,-28.214330,-130.000000,top
"D9","LED","LED_0805_2012Metric",170.982303,-98.729631,-130.000000,top
"D9","LED","LED_0805_2012Metric",118.951701,-98.729631,-130.000000,top
"D9","LED","LED_0805_2012Metric",66.921099,-169.244932,-130.000000,top
"D9","LED","LED_0805_2012Metric",14.890497,-169.244932,-130.000000,top
"D9","LED","LED_0805_2012Metric",66.921099,-28.214330,-130.000000,top
"D10","LED","LED_0805_2012Metric",114.957793,-191.895510,-70.000000,top
"D10","LED","LED_0805_2012Metric",166.988395,-191.895510,-70.000000,top
"D10","LED","LED_0805_2012Metric",114.957793,-121.380209,-70.000000,top
"D10","LED","LED_0805_2012Metric",166.988395,-50.864908,-70.000000,top
"D10","LED","LED_0805_2012Metric",62.927191,-121.380209,-70.000000,top
"D10","LED","LED_0805_2012Metric",10.896589,-121.380209,-70.000000,top
"D10","LED","LED_0805_2012Metric",10.896589,-50.864908,-70.000000,top
"D10","LED","LED_0805_2012Metric",62.927191,-50.864908,-70.000000,top
"D10","LED","LED_0805_2012Metric",62.927191,-191.895510,-70.000000,top
"D10","LED","LED_0805_2012Metric",166.988395,-121.380209,-70.000000,top
"D10","LED","LED_0805_2012Metric",114.957793,-50.864908,-70.000000,top
"D10","LED","LED_0805_2012Metric",10.896589,-191.895510,-70.000000,top
"D11","LED","LED_0805_2012Metric",80.546213,-136.164324,-10.000000,top
"D11","LED","LED_0805_2012Metric",132.576815,-65.649023,-10.000000,top
"D11","LED","LED_0805_2012Metric",132.576815,-136.164324,-10.000000,top
"D11","LED","LED_0805_2012Metric",184.607417,-65.649023,-10.000000,top
"D11","LED","LED_0805_2012Metric",132.576815,-206.679625,-10.000000,top
"D11","LED","LED_0805_2012Metric",28.515611,-206.679625,-10.000000,top
"D11","LED","LED_0805_2012Metric",28.515611,-136.164324,-10.000000,top
"D11","LED","LED_0805_2012Metric",184.607417,-136.164324,-10.000000,top
"D11","LED","LED_0805_2012Metric",184.607417,-206.679625,-10.000000,top
"D11","LED","LED_0805_2012Metric",80.546213,-65.649023,-10.000000,top
"D11","LED","LED_0805_2012Metric",80.546213,-206.679625,-10.000000,top
"D11","LED","LED_0805_2012Metric",28.515611,-65.649023,-10.000000,top
"D12","LED","LED_0805_2012Metric",50.128541,-57.782560,50.000000,top
"D12","LED","LED_0805_2012Metric",206.220347,-128.297861,50.000000,top
"D12","LED","LED_0805_2012Metric",206.220347,-57.782560,50.000000,top
"D12","LED","LED_0805_2012Metric",102.159143,-57.782560,50.000000,top
"D12","LED","LED_0805_2012Metric",102.159143,-128.297861,50.000000,top
"D12","LED","LED_0805_2012Metric",50.128541,-128.297861,50.000000,top
"D12","LED","LED_0805_2012Metric",154.189745,-128.297861,50.000000,top
"D12","LED","LED_0805_2012Metric",50.128541,-198.813162,50.000000,top
"D12","LED","LED_0805_2012Metric",154.189745,-57.782560,50.000000,top
"D12","LED","LED_0805_2012Metric",154.189745,-198.813162,50.000000,top
"D12","LED","LED_0805_2012Metric",206.220347,-198.813162,50.000000,top
"D12","LED","LED_0805_2012Metric",102.159143,-198.813162,50.000000,top
"D13","LED","LED_0805_2012Metric",154.189745,-28.214330,130.000000,top
"D13","LED","LED_0805_2012Metric",102.159143,-28.214330,130.000000,top
"D13","LED","LED_0805_2012Metric",50.128541,-98.729631,130.000000,top
"D13","LED","LED_0805_2012Metric",102.159143,-98.729631,130.000000,top
"D13","LED","LED_0805_2012Metric",206.220347,-98.729631,130.000000,top
"D13","LED","LED_0805_2012Metric",206.220347,-28.214330,130.000000,top
"D13","LED","LED_0805_2012Metric",50.128541,-169.244932,130.000000,top
"D13","LED","LED_0805_2012Metric",102.159143,-169.244932,130.000000,top
"D13","LED","LED_0805_2012Metric",50.128541,-28.214330,130.000000,top
"D13","LED","LED_0805_2012Metric",154.189745,-169.244932,130.000000,top
"D13","LED","LED_0805_2012Metric",206.220347,-169.244932,130.000000,top
"D13","LED","LED_0805_2012Metric",154.189745,-98.729631,130.000000,top
"D14","LED","LED_0805_2012Metric",184.607417,-20.347867,-170.000000,top
"D14","LED","LED_0805_2012Metric",80.546213,-90.863168,-170.000000,top
"D14","LED","LED_0805_2012Metric",132.576815,-20.347867,-170.000000,top
"D14","LED","LED_0805_2012Metric",80.546213,-20.347867,-170.000000,top
"D14","LED","LED_0805_2012Metric",28.515611,-20.347867,-170.000000,top
"D14","LED","LED_0805_2012Metric",28.515611,-161.378469,-170.000000,top
"D14","LED","LED_0805_2012Metric",184.607417,-161.378469,-170.000000,top
"D14","LED","LED_0805_2012Metric",132.576815,-90.863168,-170.000000,top
"D14","LED","LED_0805_2012Metric",184.607417,-90.863168,-170.000000,top
"D14","LED","LED_0805_2012Metric",132.576815,-161.378469,-170.000000,top
"D14","LED","LED_0805_2012Metric",80.546213,-161.378469,-170.000000,top
"D14","LED","LED_0805_2012Metric",28.515611,-90.863168,-170.000000,top
"D15","LED","LED_0805_2012Metric",62.927191,-35.131982,-110.000000,top
"D15","LED","LED_0805_2012Metric",114.957793,-105.647283,-110.000000,top
"D15","LED","LED_0805_2012Metric",166.988395,-176.162584,-110.000000,top
"D15","LED","LED_0805_2012Metric",62.927191,-105.647283,-110.000000,top
"D15","LED","LED_0805_2012Metric",10.896589,-176.162584,-110.000000,top
"D15","LED","LED_0805_2012Metric",114.957793,-176.162584,-110.000000,top
"D15","LED","LED_0805_2012Metric",10.896589,-35.131982,-110.000000,top
"D15","LED","LED_0805_2012Metric",62.927191,-176.162584,-110.000000,top
"D15","LED","LED_0805_2012Metric",166.988395,-105.647283,-110.000000,top
"D15","LED","LED_0805_2012Metric",114.957793,-35.131982,-110.000000,top
"D15","LED","LED_0805_2012Metric",10.896589,-105.647283,-110.000000,top
"D15","LED","LED_0805_2012Metric",166.988395,-35.131982,-110.000000,top
"D16","LED","LED_0805_2012Metric",66.921099,-128.297861,-50.000000,top
"D16","LED","LED_0805_2012Metric",14.890497,-128.297861,-50.000000,top
"D16","LED","LED_0805_2012Metric",118.951701,-57.782560,-50.000000,top
"D16","LED","LED_0805_2012Metric",118.951701,-198.813162,-50.000000,top
"D16","LED","LED_0805_2012Metric",14.890497,-57.782560,-50.000000,top
"D16","LED","LED_0805_2012Metric",66.921099,-198.813162,-50.000000,top
"D16","LED","LED_0805_2012Metric",170.982303,-128.297861,-50.000000,top
"D16","LED","LED_0805_2012Metric",170.982303,-57.782560,-50.000000,top
"D16","LED","LED_0805_2012Metric",118.951701,-128.297861,-50.000000,top
"D16","LED","LED_0805_2012Metric",14.890497,-198.813162,-50.000000,top
"D16","LED","LED_0805_2012Metric",66.921099,-57.782560,-50.000000,top
"D16","LED","LED_0805_2012Metric",170.982303,-198.813162,-50.000000,top
"D17","LED","LED_0805_2012Metric",88.534029,-206.679625,10.000000,top
"D17","LED","LED_0805_2012Metric",140.564631,-206.679625,10.000000,top
"D17","LED","LED_0805_2012Metric",192.595233,-65.649023,10.000000,top
"D17","LED","LED_0805_2012Metric",88.534029,-65.649023,10.000000,top
"D17","LED","LED_0805_2012Metric",140.564631,-65.649023,10.000000,top
"D17","LED","LED_0805_2012Metric",192.595233,-206.679625,10.000000,top
"D17","LED","LED_0805_2012Metric",192.595233,-136.164324,10.000000,top
"D17","LED","LED_0805_2012Metric",140.564631,-136.164324,10.000000,top
"D17","LED","LED_0805_2012Metric",36.503427,-136.164324,10.000000,top
"D17","LED","LED_0805_2012Metric",36.503427,-65.649023,10.000000,top
"D17","LED","LED_0805_2012Metric",88.534029,-136.164324,10.000000,top
"D17","LED","LED_0805_2012Metric",36.503427,-206.679625,10.000000,top
"D18","LED","LED_0805_2012Metric",54.122449,-191.895510,70.000000,top
"D18","LED","LED_0805_2012Metric",158.183653,-121.380209,70.000000,top
"D18","LED","LED_0805_2012Metric",54.122449,-50.864908,70.000000,top
"D18","LED","LED_0805_2012Metric",106.153051,-50.864908,70.000000,top
"D18","LED","LED_0805_2012Metric",106.153051,-191.895510,70.000000,top
"D18","LED","LED_0805_2012Metric",54.122449,-121.380209,70.000000,top
"D18","LED","LED_0805_2012Metric",210.214255,-121.380209,70.000000,top
"D18","LED","LED_0805_2012Metric",106.153051,-121.380209,70.000000,top
"D18","LED","LED_0805_2012Metric",158.183653,-191.895510,70.000000,top
"D18","LED","LED_0805_2012Metric",210.214255,-191.895510,70.000000,top
"D18","LED","LED_0805_2012Metric",210.214255,-50.864908,70.000000,top
"D18","LED","LED_0805_2012Metric",158.183653,-50.864908,70.000000,top
"L1","1mH","L_Ferrocore_DLG-0403",205.413825,-104.763746,180.000000,top
"L1","1mH","L_Ferrocore_DLG-0403",49.322019,-34.248445,180.000000,top
"L1","1mH","L_Ferrocore_DLG-0403",153.383223,-34.248445,180.000000,top
"L1","1mH","L_Ferrocore_DLG-0403",205.413825,-175.279047,180.000000,top
"L1","1mH","L_Ferrocore_DLG-0403",205.413825,-34.248445,180.000000,top
"L1","1mH","L_Ferrocore_DLG-0403",101.352621,-34.248445,180.000000,top
"L1","1mH","L_Ferrocore_DLG-0403",49.322019,-104.763746,180.000000,top
"L1","1mH","L_Ferrocore_DLG-0403",101.352621,-104.763746,180.000000,top
"L1","1mH","L_Ferrocore_DLG-0403",49.322019,-175.279047,180.000000,top
"L1","1mH","L_Ferrocore_DLG-0403",153.383223,-175.279047,180.000000,top
"L1","1mH","L_Ferrocore_DLG-0403",153.383223,-104.763746,180.000000,top
"L1","1mH","L_Ferrocore_DLG-0403",101.352621,-175.279047,180.000000,top
"L2","1mH","L_Ferrocore_DLG-0403",69.790121,-179.529047,0.000000,top
"L2","1mH","L_Ferrocore_DLG-0403",69.790121,-109.013746,0.000000,top
"L2","1mH","L_Ferrocore_DLG-0403",173.851325,-109.013746,0.000000,top
"L2","1mH","L_Ferrocore_DLG-0403",121.820723,-38.498445,0.000000,top
"L2","1mH","L_Ferrocore_DLG-0403",17.759519,-109.013746,0.000000,top
"L2","1mH","L_Ferrocore_DLG-0403",17.759519,-179.529047,0.000000,top
"L2","1mH","L_Ferrocore_DLG-0403",121.820723,-179.529047,0.000000,top
"L2","1mH","L_Ferrocore_DLG-0403",17.759519,-38.498445,0.000000,top
"L2","1mH","L_Ferrocore_DLG-0403",173.851325,-38.498445,0.000000,top
"L2","1mH","L_Ferrocore_DLG-0403",121.820723,-109.013746,0.000000,top
"L2","1mH","L_Ferrocore_DLG-0403",173.851325,-179.529047,0.000000,top
"L2","1mH","L_Ferrocore_DLG-0403",69.790121,-38.498445,0.000000,top
"L3","1mH","L_Ferrocore_DLG-0403",40.009519,-200.029047,90.000000,top
"L3","1mH","L_Ferrocore_DLG-0403",40.009519,-129.513746,90.000000,top
"L3","1mH","L_Ferrocore_DLG-0403",196.101325,-200.029047,90.000000,top
"L3","1mH","L_Ferrocore_DLG-0403",144.070723,-200.029047,90.000000,top
"L3","1mH","L_Ferrocore_DLG-0403",144.070723,-129.513746,90.000000,top
"L3","1mH","L_Ferrocore_DLG-0403",92.040121,-58.998445,90.000000,top
"L3","1mH","L_Ferrocore_DLG-0403",92.040121,-129.513746,90.000000,top
"L3","1mH","L_Ferrocore_DLG-0403",196.101325,-129.513746,90.000000,top
"L3","1mH","L_Ferrocore_DLG-0403",144.070723,-58.998445,90.000000,top
"L3","1mH","L_Ferrocore_DLG-0403",92.040121,-200.029047,90.000000,top
"L3","1mH","L_Ferrocore_DLG-0403",40.009519,-58.998445,90.000000,top
"L3","1mH","L_Ferrocore_DLG-0403",196.101325,-58.998445,90.000000,top
"Q1","AO3401A","SOT-23",102.352621,-38.748445,180.000000,top
"Q1","AO3401A","SOT-23",102.352621,-109.263746,180.000000,top
"Q1","AO3401A","SOT-23",50.322019,-109.263746,180.000000,top
"Q1","AO3401A","SOT-23",50.322019,-38.748445,180.000000,top
"Q1","AO3401A","SOT-23",154.383223,-109.263746,180.000000,top
"Q1","AO3401A","SOT-23",206.413825,-38.748445,180.000000,top
"Q1","AO3401A","SOT-23",102.352621,-179.779047,180.000000,top
"Q1","AO3401A","SOT-23",154.383223,-38.748445,180.000000,top
"Q1","AO3401A","SOT-23",50.322019,-179.779047,180.000000,top
"Q1","AO3401A","SOT-23",154.383223,-179.779047,180.000000,top
"Q1","AO3401A","SOT-23",206.413825,-179.779047,180.000000,top
"Q1","AO3401A","SOT-23",206.413825,-109.263746,180.000000,top
"Q2","AO3401A","SOT-23",16.759519,-33.998445,0.000000,top
"Q2","AO3401A","SOT-23",16.759519,-104.513746,0.000000,top
"Q2","AO3401A","SOT-23",68.790121,-33.998445,0.000000,top
"Q2","AO3401A","SOT-23",172.851325,-175.029047,0.000000,top
"Q2","AO3401A","SOT-23",120.820723,-104.513746,0.000000,top
"Q2","AO3401A","SOT-23",68.790121,-104.513746,0.000000,top
"Q2","AO3401A","SOT-23",68.790121,-175.029047,0.000000,top
"Q2","AO3401A","SOT-23",120.820723,-33.998445,0.000000,top
"Q2","AO3401A","SOT-23",120.820723,-175.029047,0.000000,top
"Q2","AO3401A","SOT-23",16.759519,-175.029047,0.000000,top
"Q2","AO3401A","SOT-23",172.851325,-104.513746,0.000000,top
"Q2","AO3401A","SOT-23",172.851325,-33.998445,0.000000,top
"Q3","AO3401A","SOT-23",139.570723,-201.029047,90.000000,top
"Q3","AO3401A","SOT-23",87.540121,-130.513746,90.000000,top
"Q3","AO3401A","SOT-23",35.509519,-201.029047,90.000000,top
"Q3","AO3401A","SOT-23",191.601325,-130.513746,90.000000,top
"Q3","AO3401A","SOT-23",191.601325,-201.029047,90.000000,top
"Q3","AO3401A","SOT-23",87.540121,-201.029047,90.000000,top
"Q3","AO3401A","SOT-23",139.570723,-130.513746,90.000000,top
"Q3","AO3401A","SOT-23",139.570723,-59.998445,90.000000,top
"Q3","AO3401A","SOT-23",35.509519,-59.998445,90.000000,top
"Q3","AO3401A","SOT-23",87.540121,-59.998445,90.000000,top
"Q3","AO3401A","SOT-23",35.509519,-130.513746,90.000000,top
"Q3","AO3401A","SOT-23",191.601325,-59.998445,90.000000,top
"R1","100k","R_0603_1608Metric",47.322019,-38.748445,90.000000,top
"R1","100k","R_0603_1608Metric",47.322019,-109.263746,90.000000,top
"R1","100k","R_0603_1608Metric",151.383223,-179.779047,90.000000,top
"R1","100k","R_0603_1608Metric",151.383223,-109.263746,90.000000,top
"R1","100k","R_0603_1608Metric",99.352621,-179.779047,90.000000,top
"R1","100k","R_0603_1608Metric",99.352621,-109.263746,90.000000,top
"R1","100k","R_0603_1608Metric",203.413825,-38.748445,90.000000,top
"R1","100k","R_0603_1608Metric",99.352621,-38.748445,90.000000,top
"R1","100k","R_0603_1608Metric",47.322019,-179.779047,90.000000,top
"R1","100k","R_0603_1608Metric",151.383223,-38.748445,90.000000,top
"R1","100k","R_0603_1608Metric",203.413825,-109.263746,90.000000,top
"R1","100k","R_0603_1608Metric",203.413825,-179.779047,90.000000,top
"R2","10","R_0603_1608Metric",85.790121,-44.748445,180.000000,top
"R2","10","R_0603_1608Metric",85.790121,-115.263746,180.000000,top
"R2","10","R_0603_1608Metric",137.820723,-44.748445,180.000000,top
"R2","10","R_0603_1608Metric",33.759519,-185.779047,180.000000,top
"R2","10","R_0603_1608Metric",137.820723,-115.263746,180.000000,top
"R2","10","R_0603_1608Metric",85.790121,-185.779047,180.000000,top
"R2","10","R_0603_1608Metric",137.820723,-185.779047,180.000000,top
"R2","10","R_0603_1608Metric",189.851325,-44.748445,180.000000,top
"R2","10","R_0603_1608Metric",33.759519,-115.263746,180.000000,top
"R2","10","R_0603_1608Metric",33.759519,-44.748445,180.000000,top
"R2","10","R_0603_1608Metric",189.851325,-115.263746,180.000000,top
"R2","10","R_0603_1608Metric",189.851325,-185.779047,180.000000,top
"R3","10","R_0603_1608Metric",137.820723,-42.998445,180.000000,top
"R3","10","R_0603_1608Metric",137.820723,-184.029047,180.000000,top
"R3","10","R_0603_1608Metric",33.759519,-184.029047,180.000000,top
"R3","10","R_0603_1608Metric",189.851325,-184.029047,180.000000,top
"R3","10","R_0603_1608Metric",189.851325,-113.513746,180.000000,top
"R3","10","R_0603_1608Metric",33.759519,-113.513746,180.000000,top
"R3","10","R_0603_1608Metric",85.790121,-42.998445,180.000000,top
"R3","10","R_0603_1608Metric",189.851325,-42.998445,180.000000,top
"R3","10","R_0603_1608Metric",85.790121,-184.029047,180.000000,top
"R3","10","R_0603_1608Metric",33.759519,-42.998445,180.000000,top
"R3","10","R_0603_1608Metric",85.790121,-113.513746,180.000000,top
"R3","10","R_0603_1608Metric",137.820723,-113.513746,180.000000,top
"R4","10","R_0603_1608Metric",189.851325,-41.248445,180.000000,top
"R4","10","R_0603_1608Metric",189.851325,-111.763746,180.000000,top
"R4","10","R_0603_1608Metric",33.759519,-182.279047,180.000000,top
"R4","10","R_0603_1608Metric",33.759519,-111.763746,180.000000,top
"R4","10","R_0603_1608Metric",137.820723,-41.248445,180.000000,top
"R4","10","R_0603_1608Metric",85.790121,-182.279047,180.000000,top
"R4","10","R_0603_1608Metric",137.820723,-182.279047,180.000000,top
"R4","10","R_0603_1608Metric",33.759519,-41.248445,180.000000,top
"R4","10","R_0603_1608Metric",137.820723,-111.763746,180.000000,top
"R4","10","R_0603_1608Metric",85.790121,-111.763746,180.000000,top
"R4","10","R_0603_1608Metric",189.851325,-182.279047,180.000000,top
"R4","10","R_0603_1608Metric",85.790121,-41.248445,180.000000,top
"R5","10","R_0603_1608Metric",85.790121,-39.498445,180.000000,top
"R5","10","R_0603_1608Metric",85.790121,-180.529047,180.000000,top
"R5","10","R_0603_1608Metric",33.759519,-39.498445,180.000000,top
"R5","10","R_0603_1608Metric",85.790121,-110.013746,180.000000,top
"R5","10","R_0603_1608Metric",189.851325,-110.013746,180.000000,top
"R5","10","R_0603_1608Metric",189.851325,-180.529047,180.000000,top
"R5","10","R_0603_1608Metric",189.851325,-39.498445,180.000000,top
"R5","10","R_0603_1608Metric",137.820723,-110.013746,180.000000,top
"R5","10","R_0603_1608Metric",33.759519,-110.013746,180.000000,top
"R5","10","R_0603_1608Metric",137.820723,-39.498445,180.000000,top
"R5","10","R_0603_1608Metric",33.759519,-180.529047,180.000000,top
"R5","10","R_0603_1608Metric",137.820723,-180.529047,180.000000,top
"R6","10","R_0603_1608Metric",85.790121,-108.263746,180.000000,top
"R6","10","R_0603_1608Metric",33.759519,-108.263746,180.000000,top
"R6","10","R_0603_1608Metric",33.759519,-37.748445,180.000000,top
"R6","10","R_0603_1608Metric",33.759519,-178.779047,180.000000,top
"R6","10","R_0603_1608Metric",85.790121,-178.779047,180.000000,top
"R6","10","R_0603_1608Metric",137.820723,-108.263746,180.000000,top
"R6","10","R_0603_1608Metric",137.820723,-37.748445,180.000000,top
"R6","10","R_0603_1608Metric",137.820723,-178.779047,180.000000,top
"R6","10","R_0603_1608Metric",85.790121,-37.748445,180.000000,top
"R6","10","R_0603_1608Metric",189.851325,-178.779047,180.000000,top
"R6","10","R_0603_1608Metric",189.851325,-108.263746,180.000000,top
"R6","10","R_0603_1608Metric",189.851325,-37.748445,180.000000,top
"R7","10","R_0603_1608Metric",137.820723,-106.513746,180.000000,top
"R7","10","R_0603_1608Metric",85.790121,-177.029047,180.000000,top
"R7","10","R_0603_1608Metric",85.790121,-106.513746,180.000000,top
"R7","10","R_0603_1608Metric",33.759519,-35.998445,180.000000,top
"R7","10","R_0603_1608Metric",85.790121,-35.998445,180.000000,top
"R7","10","R_0603_1608Metric",33.759519,-177.029047,180.000000,top
"R7","10","R_0603_1608Metric",189.851325,-35.998445,180.000000,top
"R7","10","R_0603_1608Metric",137.820723,-177.029047,180.000000,top
"R7","10","R_0603_1608Metric",33.759519,-106.513746,180.000000,top
"R7","10","R_0603_1608Metric",189.851325,-177.029047,180.000000,top
"R7","10","R_0603_1608Metric",137.820723,-35.998445,180.000000,top
"R7","10","R_0603_1608Metric",189.851325,-106.513746,180.000000,top
"R8","100k","R_0603_1608Metric",123.820723,-33.998445,-90.000000,top
"R8","100k","R_0603_1608Metric",71.790121,-104.513746,-90.000000,top
"R8","100k","R_0603_1608Metric",123.820723,-104.513746,-90.000000,top
"R8","100k","R_0603_1608Metric",71.790121,-175.029047,-90.000000,top
"R8","100k","R_0603_1608Metric",19.759519,-104.513746,-90.000000,top
"R8","100k","R_0603_1608Metric",19.759519,-175.029047,-90.000000,top
"R8","100k","R_0603_1608Metric",71.790121,-33.998445,-90.000000,top
"R8","100k","R_0603_1608Metric",175.851325,-104.513746,-90.000000,top
"R8","100k","R_0603_1608Metric",19.759519,-33.998445,-90.000000,top
"R8","100k","R_0603_1608Metric",175.851325,-175.029047,-90.000000,top
"R8","100k","R_0603_1608Metric",123.820723,-175.029047,-90.000000,top
"R8","100k","R_0603_1608Metric",175.851325,-33.998445,-90.000000,top
"R9","100k","R_0603_1608Metric",181.601325,-29.498445,0.000000,top
"R9","100k","R_0603_1608Metric",25.509519,-170.529047,0.000000,top
"R9","100k","R_0603_1608Metric",25.509519,-29.498445,0.000000,top
"R9","100k","R_0603_1608Metric",25.509519,-100.013746,0.000000,top
"R9","100k","R_0603_1608Metric",129.570723,-29.498445,0.000000,top
"R9","100k","R_0603_1608Metric",77.540121,-170.529047,0.000000,top
"R9","100k","R_0603_1608Metric",77.540121,-100.013746,0.000000,top
"R9","100k","R_0603_1608Metric",129.570723,-100.013746,0.000000,top
"R9","100k","R_0603_1608Metric",77.540121,-29.498445,0.000000,top
"R9","100k","R_0603_1608Metric",181.601325,-170.529047,0.000000,top
"R9","100k","R_0603_1608Metric",181.601325,-100.013746,0.000000,top
"R9","100k","R_0603_1608Metric",129.570723,-170.529047,0.000000,top
"R10","100k","R_0603_1608Metric",87.540121,-56.998445,0.000000,top
"R10","100k","R_0603_1608Metric",191.601325,-198.029047,0.000000,top
"R10","100k","R_0603_1608Metric",35.509519,-198.029047,0.000000,top
"R10","100k","R_0603_1608Metric",35.509519,-56.998445,0.000000,top
"R10","100k","R_0603_1608Metric",87.540121,-127.513746,0.000000,top
"R10","100k","R_0603_1608Metric",191.601325,-56.998445,0.000000,top
"R10","100k","R_0603_1608Metric",87.540121,-198.029047,0.000000,top
"R10","100k","R_0603_1608Metric",191.601325,-127.513746,0.000000,top
"R10","100k","R_0603_1608Metric",139.570723,-56.998445,0.000000,top
"R10","100k","R_0603_1608Metric",35.509519,-127.513746,0.000000,top
"R10","100k","R_0603_1608Metric",139.570723,-127.513746,0.000000,top
"R10","100k","R_0603_1608Metric",139.570723,-198.029047,0.000000,top
"SW1","SW_DPST_x2","SW_SPST_TL3342",81.040121,-25.498445,180.000000,top
"SW1","SW_DPST_x2","SW_SPST_TL3342",81.040121,-166.529047,180.000000,top
"SW1","SW_DPST_x2","SW_SPST_TL3342",29.009519,-96.013746,180.000000,top
"SW1","SW_DPST_x2","SW_SPST_TL3342",133.070723,-25.498445,180.000000,top
"SW1","SW_DPST_x2","SW_SPST_TL3342",185.101325,-166.529047,180.000000,top
"SW1","SW_DPST_x2","SW_SPST_TL3342",133.070723,-166.529047,180.000000,top
"SW1","SW_DPST_x2","SW_SPST_TL3342",81.040121,-96.013746,180.000000,top
"SW1","SW_DPST_x2","SW_SPST_TL3342",29.009519,-166.529047,180.000000,top
"SW1","SW_DPST_x2","SW_SPST_TL3342",29.009519,-25.498445,180.000000,top
"SW1","SW_DPST_x2","SW_SPST_TL3342",185.101325,-96.013746,180.000000,top
"SW1","SW_DPST_x2","SW_SPST_TL3342",185.101325,-25.498445,180.000000,top
"SW1","SW_DPST_x2","SW_SPST_TL3342",133.070723,-96.013746,180.000000,top
"U1","PY32F002AF15P6TU","TSSOP-20_4.4x6.5mm_P0.65mm",130.320723,-109.263746,180.000000,top
"U1","PY32F002AF15P6TU","TSSOP-20_4.4x6.5mm_P0.65mm",78.290121,-109.263746,180.000000,top
"U1","PY32F002AF15P6TU","TSSOP-20_4.4x6.5mm_P0.65mm",182.351325,-179.779047,180.000000,top
"U1","PY32F002AF15P6TU","TSSOP-20_4.4x6.5mm_P0.65mm",26.259519,-38.748445,180.000000,top
"U1","PY32F002AF15P6TU","TSSOP-20_4.4x6.5mm_P0.65mm",182.351325,-109.263746,180.000000,top
"U1","PY32F002AF15P6TU","TSSOP-20_4.4x6.5mm_P0.65mm",182.351325,-38.748445,180.000000,top
"U1","PY32F002AF15P6TU","TSSOP-20_4.4x6.5mm_P0.65mm",26.259519,-179.779047,180.000000,top
"U1","PY32F002AF15P6TU","TSSOP-20_4.4x6.5mm_P0.65mm",26.259519,-109.263746,180.000000,top
"U1","PY32F002AF15P6TU","TSSOP-20_4.4x6.5mm_P0.65mm",130.320723,-38.748445,180.000000,top
"U1","PY32F002AF15P6TU","TSSOP-20_4.4x6.5mm_P0.65mm",78.290121,-38.748445,180.000000,top
"U1","PY32F002AF15P6TU","TSSOP-20_4.4x6.5mm_P0.65mm",130.320723,-179.779047,180.000000,top
"U1","PY32F002AF15P6TU","TSSOP-20_4.4x6.5mm_P0.65mm",78.290121,-179.779047,180.000000,top
